{
  "camera": [
    {
      "_cameraposition": [
        0.33618054436471334,
        -0.8637111097072647,
        -1.4016114340395291
      ],
      "disabled": false,
      "serial": "746112060605",
      "trafo": [
        [
          0.1753983633834015,
          -0.9328540094012695,
          0.31467254609577844,
          -0.33618054436471334
        ],
        [
          -0.9341051295453675,
          -0.2586401818747172,
          -0.24607491395273223,
          0.8637111097072647
        ],
        [
          0.3109389346470713,
          -0.2507761022581473,
          -0.9167487799046995,
          1.4016114340395291
        ],
        [
          0.0,
          0.0,
          0.0,
          1.0
        ]
      ],
      "type": "realsense"
    }
  ],
  "filtering": {
    "decimation_magnitude": 1,
    "do_decimation": false,
    "do_hole_filling": false,
    "do_spatial": true,
    "do_temporal": false,
    "do_threshold": true,
    "hole_filling_mode": 0,
    "map_color_to_depth": 1,
    "spatial_holes_fill": 0,
    "spatial_magnitude": 2,
    "spatial_smooth_alpha": 0.5,
    "spatial_smooth_delta": 20,
    "temporal_persistency": 3,
    "temporal_smooth_alpha": 0.4000000059604645,
    "temporal_smooth_delta": 20,
    "threshold_max_distance": 4.0,
    "threshold_min_distance": 0.15000000596046448
  },
  "hardware": {
    "backlight_compensation": 0,
    "color_exposure": -156,
    "color_gain": 64,
    "color_height": 720,
    "color_width": 1280,
    "depth_exposure": -33000,
    "depth_gain": 16,
    "depth_height": 720,
    "depth_width": 1280,
    "fps": 30,
    "laser_power": 150,
    "visual_preset": 0,
    "whitebalance": -4600
  },
  "processing": {
    "depth_x_erosion": 0,
    "depth_y_erosion": 0,
    "greenscreen_removal": false,
    "height_max": 2.0,
    "height_min": -0.1,
    "radius_filter": 0.5
  },
  "sync": {
    "sync_master_serial": "",
    "sync_mode": 2
  },
  "system": {
    "debug": false,
    "new_timestamps": false,
    "playback_realtime": false,
    "prefer_color_timing": true,
    "record_to_directory": ""
  },
  "type": "realsense",
  "version": 5
}